image,title,company,companyurl,location,posttime,formwork,worktime,skill,aboutthejob,urlPage
https://media.licdn.com/dms/image/C4E0BAQGgERWFryrT8Q/company-logo_100_100/0/1631306885970?e=1707955200&v=beta&t=v7K6zznEOf-gKPvHgURXdPDSbp5quxxM6Ux9os1YyQ4,Chief Accountant,FFG Bags Limited,https://www.linkedin.com/company/ffg-bags-limited/life,"Biên Hòa, Dong Nai, Vietnam (On-site)",7/11/2023,On-site,Full-time,"Accounting Software, Balance Sheet Review, Balance Sheets, Bank Statements, Cash Flow, Costings, Financial Accounting, Management Accounting, P&L Management, and Prepayment Processing","<span>
<p><strong><!-- -->Chief Accountant-Job description<!-- --></strong></p><p><!-- -->1/ Receive handover from accounting service company.<!-- --></p><p><!-- -->2/ Set up more functions for the production company (bags/backpacks...). Set up and manage accounting Dept. Monitoring implementation of financial accounting system in accordance with the VAS and other current laws.<!-- --></p><p><!-- -->3/ Check invoices/supporting docs to prepare payment. Check bank statements and cash daily.<!-- --></p><p><!-- -->4/ Prepare VAT reports, PIT, CIT quarterly and finalization.<!-- --></p><p><!-- -->5/ Check assets/prepayment &amp; and prepare depreciation reports<!-- --></p><p><!-- -->6/ Prepare and check salary.<!-- --></p><p><!-- -->7/ Manage and control stock with other departments check monthly/quarterly and yearly.<!-- --></p><p><!-- -->8/ Make FS reports: Trial balance, Balance sheet, P&amp;L and Cash Flow monthly/quarterly/yearly.<!-- --></p><p><!-- -->9/ Internal management reports as BOD requested.<!-- --></p><p><!-- -->10/ Work with Tax Dept/External Auditors /Other administration.<!-- --></p><p><!-- -->11/ Work with other departments to get smooth workflow.<!-- --></p><p><!-- -->12/ Other jobs assigned by Board of Director<!-- --></p><p><span class=""white-space-pre""> </span><!-- --><!-- --></p><p><strong><!-- -->Prefer:<span class=""white-space-pre""> </span></strong></p><p><strong><!-- -->- Candidate has experience in bags/backpacks/garment,..<!-- --></strong></p><p><strong><!-- -->- Good in English<!-- --></strong></p><p><strong><!-- -->- Has a chief accountant certificate<!-- --></strong></p><p><strong><!-- -->Employment Type Full-time<!-- --></strong></p><p><span class=""white-space-pre""> </span><!-- --><!-- --></p><p><!-- -->Contact: Ms. Phuong-IRIS (0961600950, hr@ffg-limited.com)/<span class=""white-space-pre""> </span></p><p><!-- -->Thuy (0906350859, thuy@ffg-limited.com)<!-- --></p><p><span class=""white-space-pre""> </span><!-- --><!-- --></p><p><strong><!-- -->FFG VIETNAM COMPANY LIMITED<!-- --></strong></p><p><span class=""white-space-pre""> </span>Add: Lot CN-1, Agtex Long Binh Industrial Zone, Long Binh Ward, Bien Hoa City, Dong Nai Province, Vietnam. Mobile Tel: 02513.683.440<!-- --></p><p><span class=""white-space-pre""> </span>Location:  https://maps.app.goo.gl/RvSTNZh8Jq17xwvk7<!-- --></p>
<!-- --> </span>",https://www.linkedin.com/jobs/view/3751678479/?eBP=CwEAAAGLzIycBLSv-0uwWnWWXZUcrfldC44GWnJiLru_0OFuypmGZHPC53gsRLimX6v1X20Q0kRnTIVYDtldJjHyBJ0RYlfsk_a4Ffnqd-AtDpVpUg2yTVMXE6k8HvigMJkeS-22ot5HkqLj3Mc8ZAX0io_exkeV_wpNZiKJWiy80r-O94wJJNHwgmpvBRm_VpuGhRktnQ-srhKFugo1NT7VwiGEXYa172aGnB5PkBrDF7uTYyuOLJkpTyRr0BRCLlOm0mz74gCzOghkC5_bsPCLm7-kGrKNtpBbW-h2bKhqVf5xF7W7brv7abxyZLn7JW-1W3VAWE6EADkBbn5eQHUe-PFji1UiGPZ3oCknJ1FZDjoBA0sWvWoo39tkXkP5bXxO38bpKx43DQ3H8vK9pi6DfH3EMda1xH3-1XTJ5HrmLMA&refId=YjPZxrnDrnXTjkYeS5NoqQ%3D%3D&trackingId=j6ePDt%2Bi1Og%2Fg4YQ2iKO0g%3D%3D&trk=flagship3_search_srp_jobs
https://media.licdn.com/dms/image/C560BAQE0iX_dgdH7nA/company-logo_100_100/0/1672279162763/shopee_logo?e=1707955200&v=beta&t=BZowYXYvVRW3aLe-zzVc56yJPHWQfvGGAKwqMnh8x-A,"Warehouse Admin - Shopee Xpress, Sorting Centre",Shopee,https://www.linkedin.com/company/shopee/life,"Hanoi, Hanoi, Vietnam (On-site)",19/08/2023,On-site,Full-time,"Defining Requirements, Job Description Development, Microsoft Excel, Microsoft Office, VBA Excel, and Working Experience","<span>
<strong><!-- -->Job Description<!-- --></strong><p><br/></p> <ul><li><!-- -->Prepare and complete orders for delivery or pickup according to schedule (load, pack, wrap, label, ship)<!-- --></li><li><!-- -->Maintain accurate records of products that have been stocked and provide management with an accurate representation of all goods shipped and received<!-- --></li><li><!-- -->Verify all incoming shipments to be accurate by comparing the received number to the order and ensure all goods are in excellent condition<!-- --></li><li><!-- -->Ensure the inventory is controlled and maintained with high quality for the purpose of audits.<!-- --></li><li><!-- -->Identify any missing, lost or damaged materials and immediately notify the supervisor.<!-- --></li><li><!-- -->Ensure that all the merchandise is safely and securely packed and labeled for delivery.<!-- --></li><li><!-- -->Scan labels to ensure products are shipped to the right destination.<!-- --></li><li><!-- -->Accurately maintain company database including all stock and warehouse items on the system<!-- --></li><li><!-- -->Support Operations in maintaining &amp; repairing tools, and equipment at Hub/SOC<!-- --></li><li><!-- -->Follow quality service standards and comply with procedures, rules, and regulations<!-- --></li><li><!-- -->Keep the company quality policies in mind while working.<!-- --></li></ul>
<p><br/></p><strong><!-- -->Requirements<!-- --></strong><p><br/></p> <ul><li><!-- -->Have 2-3 years of experience in the field of Warehouse Keeper with the job descriptions above<!-- --></li><li><!-- -->Experience working in a fast-paced environment while maintaining attention to detail<!-- --></li><li><!-- -->Have proficiency in Microsoft Office, especially Excel and inventory systems<!-- --></li><li><!-- -->Excellent organizational, time management, and multitasking skills.<!-- --></li><li><!-- -->Willing to work from Monday to Saturday<!-- --></li></ul>
<!-- --> </span>",https://www.linkedin.com/jobs/view/3720057228/?eBP=CwEAAAGLzIycBIyOntrWgm2NDieF4-W6EREtqsKmbFCbRsVD7UtTZGmziAdGC7QQEErfyDLjgu-KXV_qwm74_a_rgXW0veUKrVD5crphIkw-nMk0Ewhh5bU7TCP9lz0nUGdEuDqaZxK6hzQ-4L6nK4_o3bHSjbwKhhZdQfuNC95I_xH6FhDo0IEpjDAcE-GpG9JcgTjCFr0aF-58c7wzFzE-YR6FsVjpkysBFWnMf56cfehzaBgzoy1CsWOUAu7Xd6gmsE6_MI9EFlzWuz_U9tGzkAuqmUW_Nh1qVQvJmzHbBXf6pY_jDap4QzO3TmQOdQ66kUbtLjMBzUxyU9APD3XzGssOflL9Dz9uEg5GUIxMQWGGphyIbDnKgPcQbj7VjDu26t42hw&refId=YjPZxrnDrnXTjkYeS5NoqQ%3D%3D&trackingId=3nH22oDGZLBQZ3Zrx1JJcQ%3D%3D&trk=flagship3_search_srp_jobs
https://media.licdn.com/dms/image/D560BAQE5CgF4B_F_lA/company-logo_100_100/0/1690963923487/avani_hotels_and_resorts_logo?e=1707955200&v=beta&t=SJgeoA7lYoHU0OpR8I-KrMzo2N-GIuRjHUNMB3ubuWM,Demi Chef (Vietnamese candidate only),Avani Hotels and Resorts,https://www.linkedin.com/company/avani-hotels-and-resorts/life,"Haiphong, Hai Phong City, Vietnam (On-site)",18/07/2023,On-site,Full-time,"Attention to Detail, Cleansing, Culinary Arts, Hotel Management, Hygiene, Interpersonal Skills, Meat, Operational Excellence, Sanitation, and Vietnamese","<span>
<strong><!-- -->Company Description<!-- --><br/><br/></strong><!-- -->Contemporary, relaxed and imaginative. Be it a leisurely family break or romantic escape, AVANI Hotels &amp; Resorts provides the right space for guests who value the details that matter.<!-- --><br/><br/><strong><!-- -->Job Description<!-- --><br/><br/></strong><!-- -->As Demi Chef you will help the Executive Chef to prepare appetizers, as well as meat and vegetables for entrees. You further will help with the proper presentation of food, and ensure that that each customer is served the highest quality food in a timely manner. As Demi Chef you will participate in selecting and training new members of the kitchen team. They must follow and enforce health and safety standards in the kitchen. They should possess a high level of cleanliness, both in the kitchen and in personal hygiene. You should be familiar with working efficiently and quickly under pressure.<!-- --><br/><br/><strong><!-- -->Qualifications<!-- --><br/><br/></strong> <ul><li><span class=""white-space-pre""> </span>Bachelor’s Degree or any culinary degree<!-- --></li><li><span class=""white-space-pre""> </span>Must have worked at least one year as Demi Chef in Hotels and Restaurants<!-- --></li><li><span class=""white-space-pre""> </span>Excellent leadership and interpersonal skills<!-- --></li><li><span class=""white-space-pre""> </span>Strongly committed to teamwork and customer service<!-- --></li><li><span class=""white-space-pre""> </span>Eye for detail to achieve operation excellence<!-- --></li></ul>
<!-- --> </span>",https://www.linkedin.com/jobs/view/3671236346/?eBP=CwEAAAGLzIycBEHZAquCHS2jFcZ7ZQv-fyJO_S6EqlmmSPRVR1mZduNc32Y84-0eRkSmc0f_Z6OpeYSy7PB6h797ZpiQJQev8CPd8z4-GFbjuHFM8C6yjiy-IhyipVlsHLWz7f4TGdLIoNkn49fQrHudM8vftdxyUIlXf2bVAf5_dbd16mK2tmm2d35d80i_dRCVVT2TAjsxwhGbozVDBdzV3gMRDLSR8P4PzXe6i0lw5ErKsB_Q8vl5RbQ-I97XK9JVDagNdFwzuFoQerTL7VkBlTT4gUVzAyyxq3AOZq9-Gl19ocbQr_ms1ttsCzvA43qgJexLlJdBkccyP7W7kprD28RHk9nhgnP_uNZ3pTLsdk1EnpXu6sVuVN851Jf3490jZrI&refId=YjPZxrnDrnXTjkYeS5NoqQ%3D%3D&trackingId=kkamCfMnHbhOPIcdgvwWyg%3D%3D&trk=flagship3_search_srp_jobs
https://media.licdn.com/dms/image/C560BAQE0iX_dgdH7nA/company-logo_100_100/0/1672279162763/shopee_logo?e=1707955200&v=beta&t=BZowYXYvVRW3aLe-zzVc56yJPHWQfvGGAKwqMnh8x-A,"Rider Experience Lead - Customer Excellence & Admin, Shopee Xpress",Shopee,https://www.linkedin.com/company/shopee/life,"Ho Chi Minh City, Vietnam (On-site)",23/04/2023,On-site,Full-time,"Complaint Management, Defining Requirements, Key Performance Indicators, Product Complaints, Quality Assurance, Regulatory Requirements, Root Cause, Root Cause Analysis, and Service Improvement","<span>
<strong><!-- -->Job Description<!-- --></strong><p><br/></p> <ul><li><!-- -->Take charge for performance and capability of team members in responsible area<!-- --></li><li><!-- -->Lead &amp; manage communication plans for riders when the policy changes.<!-- --></li><li><!-- -->Lead and execute engagement strategies, prioritizing the right projects to meet riders’ needs.<!-- --></li><li><!-- -->Analyze KPIs, identify fraudulent behaviors, and propose process and service improvements<!-- --></li><li><!-- -->Maintain complaint and nonconformance processing, investigate product complaints or quality issues, and develop complaint and inspection procedures<!-- --></li><li><!-- -->Propose process and service improvement suggestions related to Riders by identifying Rider's pain-points and provide suggestions to simplify processes and optimize performance.<!-- --></li><li><!-- -->Motivate, coach team members and ensure their KPIs are achieved; Work closely with team leads and develop Rider’s quality through ongoing coaching, mentoring and career discussions.<!-- --></li><li><!-- -->Lead and manage other ad-hoc projects assigned by the Leadership.<!-- --></li></ul>
<p><br/></p><strong><!-- -->Requirements<!-- --></strong><p><br/></p> <ul><li><!-- -->Bachelor’s degree in economics, Finance, Accounting or related fields.<!-- --></li><li><!-- -->5+ years of relevant experience in operations management or similar role<!-- --></li><li><!-- -->Experience managing teams and leading day-to-day operations.<!-- --></li><li><!-- -->Experience in quality assurance, complaint handling, and root cause analysis.<!-- --></li><li><!-- -->Familiarity with regulatory requirements related to rider operations and quality control.<!-- --></li><li><!-- -->Strong communication and interpersonal skills to effectively manage communication plans for riders and work with team members, management, and external stakeholders.<!-- --></li><li><!-- -->Excellent problem-solving skills and the ability to identify trends and propose solutions to improve rider experience and prevent fraudulent behavior.<!-- --></li><li><!-- -->Ability to work independently and take ownership of projects while also being a team player and collaborating effectively with others.<!-- --></li><li><!-- -->Able to drive and implement ideas to present findings in a fast-paced environment.<!-- --></li><li><!-- -->High sense of responsibility, careful, eager to learn, integrity.<!-- --></li></ul>
<!-- --> </span>",https://www.linkedin.com/jobs/view/3611210079/?eBP=CwEAAAGLzIycBCdLD54Q75yGGX67lFDcTe12_YNNgT9tbwNGzmJUQXZYQ7Dz6E_jCMUKvql-g_QXJD4eA-WqsWxFDL35qHaPA5t0dNnV2hjA1Ayi17vBYC47EbFpf6Tcq0BluDx2hInyaqdT4K92gtm5gbbR75NXknG4KSiRcd9DhTwfco6LBDe4rl7JNAZMCpwxS10q5I8m4tE_A2FZYXRPvtCx9DiAid7SM9I3ARYMwjamuVNOEPWqe8deT6D0uvXJllOD-w6R_-UV-RdFvTKREH-pugqK7krqK88uU-2HKBsl7iCy796xDu3pyTSwgRE5nx34OGIvQJ64srhNR0o1IZWhWsLdBTnN5p7tyzlzCBe5tP2QCtbJStr8tAPL1G0M526ZU2pb&refId=YjPZxrnDrnXTjkYeS5NoqQ%3D%3D&trackingId=JNln6yT1zl%2FQLz6ar%2Fr8Eg%3D%3D&trk=flagship3_search_srp_jobs
https://media.licdn.com/dms/image/C560BAQE0iX_dgdH7nA/company-logo_100_100/0/1672279162763/shopee_logo?e=1707955200&v=beta&t=BZowYXYvVRW3aLe-zzVc56yJPHWQfvGGAKwqMnh8x-A,"Quality Assurance - Customer Service, Shopee",Shopee,https://www.linkedin.com/company/shopee/life,"Ho Chi Minh City, Vietnam (On-site)",19/10/2023,On-site,Full-time,"Customer Satisfaction (CSAT), Customer Service, Defining Requirements, Professional Services Industries, and Quality Assurance","<span>
<strong><!-- -->Job Description<!-- --><br/><br/></strong> <ul><li><!-- -->Be in charge of the quality and performance of Customer Service through QA score and CSAT score.<!-- --></li><li><!-- -->Maintain customer satisfaction rate, perform analysis of DSAT tickets and come up with the solutions or initiatives to improve satisfaction based on the causes found. Propose solutions to improve the quality of customer service agents.<!-- --></li><li><!-- -->Coaching for CS Agent about Shopee's processes, operations, and company’s regulations<!-- --></li><li><!-- -->Keeping updated timely and accurate information to CS Agent. Supporting in response to all questions about the process or business information.<!-- --></li><li><!-- -->Coordinate with Training team in developing materials, preparing the final exam, checking periodically to support CS Agent to grasp the profession and meet the job requirements<!-- --></li><li><!-- -->Coordinate with relevant teams at Shopee VN and Shopee Regional to localize and implement new processes and policies<!-- --></li><li><!-- -->Make reports as required<!-- --><br/><br/></li></ul>
<strong><!-- -->Requirements<!-- --><br/><br/></strong> <ul><li><!-- -->At least 1 year of working experience in Quality Assurance or more than 2 years as a customer service in the field of e-commerce, e-wallets, shipping/banking/financial services<!-- --></li><li><!-- -->Excellent oral, written and interpersonal communication skills.<!-- --></li><li><!-- -->Ability to identify the issues as well as propose for solutions.<!-- --></li><li><!-- -->Able to handle multiple tasks and quickly adapt in the fast-paced environment.<!-- --></li><li><!-- -->Ability to work independently and effectively in a team<!-- --></li><li><!-- -->Ability in using gsheet, excel, powerpoint, other working systems.<!-- --></li><li><!-- -->Time management &amp; tasks management skills.<!-- --></li><li><!-- -->Able to communicate in English is a plus.<!-- --></li></ul>
<!-- --> </span>",https://www.linkedin.com/jobs/view/3764637868/?eBP=JOB_SEARCH_ORGANIC&refId=YjPZxrnDrnXTjkYeS5NoqQ%3D%3D&trackingId=LEyesZGxzGymdlr2Iq2%2BBw%3D%3D&trk=flagship3_search_srp_jobs
https://media.licdn.com/dms/image/C560BAQE0iX_dgdH7nA/company-logo_100_100/0/1672279162763/shopee_logo?e=1707955200&v=beta&t=BZowYXYvVRW3aLe-zzVc56yJPHWQfvGGAKwqMnh8x-A,"Reconciliation Executive - Finance Operations, Shopee Xpress",Shopee,https://www.linkedin.com/company/shopee/life,"Ho Chi Minh City, Vietnam (On-site)",6/11/2023,On-site,Full-time,"Compensation, Defining Requirements, Economics, Finance, Financial Planning, Financial Reporting, Forecasting, Goods and Services Tax (GST), Handle Confidential Information, and Professional Services Industries","<span>
<strong><!-- -->Job Description<!-- --><br/><br/></strong> <ul><li><span class=""white-space-pre""> </span>Accountant – Ensure cash is collected within timeframe<!-- --></li><li><!-- -->Verify collections precisely within timeframe<!-- --></li><li><!-- -->Ensure no open item and no variance at month-end between system and bank accounts<!-- --></li><li><!-- -->Ensure no overdue for COD/ compensation outstanding monitoring<!-- --></li><li><!-- -->Prepare COD/ compensation reports and perform assigned tasks on timely manner<!-- --></li><li><span class=""white-space-pre""> </span>Operations support – Support operations giving solutions for system improvement, follow up and guide operations to follow SOP, giving idea for improvement<!-- --></li><li><!-- -->Work with business partners for solving transaction/ system error issue<!-- --></li><li><!-- -->Identify system issue, report and follow up with Project Management team to solve the issue<!-- --></li><li><!-- -->Give Standard Operations Procedure (SOP) guidance to Operations, direct and instruct Operations to follow up SOP, receive feedback from Operations, raise idea for improvement<!-- --><br/><br/></li></ul>
<strong><!-- -->Requirements<!-- --><br/><br/></strong> <ul><li><!-- -->University degree in Economics/Finance/Accounting<!-- --></li><li><!-- -->A minimum of 1-3 years of relevant work experience, e-commerce experience is preferable<!-- --></li><li><!-- -->Experience working with mass transactions<!-- --></li><li><!-- -->Proactive and adaptable to a fast-growing environment<!-- --></li><li><!-- -->Strong analytical and problem-solving skill<!-- --></li><li><!-- -->Strong Microsoft and Google docs/sheets skills, SQL is preferable<!-- --></li><li><!-- -->Ability to interact, explain problems, guide and influence Operators to support co-ordination and compliance<!-- --></li><li><!-- -->High sense of responsibility, accuracy, eager to learn<!-- --></li><li><!-- -->Ability to handle confidential information and value integrity<!-- --></li><li><!-- -->Ability to speak in English (optional) to collaborate with business teams across our offices<!-- --></li></ul>
<!-- --> </span>",https://www.linkedin.com/jobs/view/3764638829/?eBP=JOB_SEARCH_ORGANIC&refId=YjPZxrnDrnXTjkYeS5NoqQ%3D%3D&trackingId=8UiIajGSwjMh41Jtokpzug%3D%3D&trk=flagship3_search_srp_jobs
https://media.licdn.com/dms/image/D560BAQGpOWvWHa1qwA/company-logo_100_100/0/1682314321818/universal_scientific_industrial_co_logo?e=1707955200&v=beta&t=mTiQtp-9zmJJ1VjLo_A_PPP_0jFp4w_g65WjMiY2LhM,Vietnam HPH: Manufacturing Engineer (ME),"Universal Scientific Industrial Co., Ltd.",https://www.linkedin.com/company/universal-scientific-industrial-co./life,"Hai Phong, Hai Phong City, Vietnam (On-site)",7/11/2023,On-site,Full-time,"Communication, Debugging, English, Formulation, Obedience, Root Cause Analysis, SMT, Standard Operating Procedure (SOP), TOEIC, and Temperature Measurement","<span>
<strong><!-- -->【Job Description】<!-- --><br/><br/></strong> <ul><li><span class=""white-space-pre""> </span>SMT/UF/De-flue and other stations improved yield<!-- --></li><li><span class=""white-space-pre""> </span>q-time control and processing of each station<!-- --></li><li><span class=""white-space-pre""> </span>SOP Define and MOI formulation of each station<!-- --></li><li><span class=""white-space-pre""> </span>Steel mesh and tool design<!-- --></li><li><span class=""white-space-pre""> </span>Furnace temperature plate production and furnace temperature measurement<!-- --></li><li><span class=""white-space-pre""> </span>U/F program setting and debugging.<!-- --></li><li><span class=""white-space-pre""> </span>The oven temperature setting of each Baking station.<!-- --><br/><br/><br/></li></ul>
<strong><!-- -->【Qualifications】<!-- --><br/><br/></strong> <ul><li><span class=""white-space-pre""> </span>More than 1 year working experience in SMT process<!-- --></li><li><span class=""white-space-pre""> </span>Can cooperate with three shifts and holidays.<!-- --></li><li><span class=""white-space-pre""> </span>Strong execution, obedience and high discipline, strong sense of responsibility, good communication skills.<!-- --></li><li><span class=""white-space-pre""> </span>English level equal to TOEIC 600+<!-- --><br/><br/><br/></li></ul>
<!-- -->【Job Location】<!-- --><br/><br/><!-- -->Land Plot CN4.1H, Dinh Vu Industrial Zone, Dinh Vu – Cat Hai Economic Zone, Dong Hai 2 Ward, Hai An District, Hai Phong City, Vietnam<!-- -->
<!-- --> </span>",https://www.linkedin.com/jobs/view/3758445311/?eBP=CwEAAAGLzIycBGrcinkkDuQZ7dOmnzHqn9Oqz_AdLo6L0iP0Hk5vrrYc4I87OnuvR-2mM5KP96UVkDhW9DhERtV65KSO2tWYogLhQ5xu6QV9u_A50e4dRQdxvo_XgWQ2K-DMZQFhLUw-dbUZA6CnPifRIznk7_-905P3-v_GG-2fgk87qX25AoeowL7iwPd90mBXmFlCByVWaGv2NGriG2hw2QqcpcgU2JY86O_Iu8ikOBV40U4DOttlItfuRmvc6Egdqy914QyzZ6T-ZRu88JyoMpIkrVtyBXb-YdRYuUR1VGEy7VyEuU4DuroeeljlvbgRdLl2SIXPf0eWX0f5Da1oIlsG_yGQo4XBVd2xiZoZVFvLRdW3i0ACI6mbj-DfKU0ROHFvA_4g&refId=YjPZxrnDrnXTjkYeS5NoqQ%3D%3D&trackingId=uUShEUgW5iFJKnrEkbxtvQ%3D%3D&trk=flagship3_search_srp_jobs
https://media.licdn.com/dms/image/D560BAQE4NCRQHRWjcA/company-logo_100_100/0/1698241715712/hitachi_digital_services_logo?e=1707955200&v=beta&t=14__Vv5W22vLb11PMaNQAR30CIoYcDkEXZa2tjd_tJs,N2/N1 Japanese Business Operations Staff (in Da Nang),Hitachi Digital Services,https://www.linkedin.com/company/hitachi-digital-services/life,"Da Nang, Da Nang City, Vietnam (Hybrid)",7/11/2023,Hybrid,Full-time,"Critical Thinking, Defining Requirements, English, English to Japanese, Japanese, Logics, Performance Motivation, Teamwork, and Writing","<span>
<!-- -->We’re Hitachi Digital Services, a global digital solutions and transformation business. Our expertise, innovation and technology unlocks potential – from taking theme park fans on magical rides, conserving natural resources, protecting rainforests, and saving lives. We automate, modernize, optimize, and accelerate. Our people are trusted transformers, with deep engineering expertise, focused on a sustainable future for all.<!-- --><br/><br/><!-- -->Imagine the sheer breadth of talent it takes to inspire the future. We don’t expect you to ‘fit’ every requirement – your life experience, character, perspective, and passion for achieving great things in the world are equally important to us.<!-- --><br/><br/><strong><!-- -->The role<!-- --><br/><br/></strong><!-- -->The Japanese Business Operations Staff who will work closely with Project Manager to monitor and provide Business operation support service to Japanese clients. The position involves daily communication with Japanese client to handle various kinds of service requests such as Call center service (Query handling), Operation service (data registration/system integration), Troubleshooting (data investigation, error handling), etc.<!-- --><br/><br/><!-- -->In addition, this role involves handling service requests of the assigned service following the agreed SLA (Service Level Agreement) and being responsible for translation all kinds of work-related IT or non-IT documents from English to Japanese and vice versa.<!-- --><br/><br/><strong><!-- -->What You’ll Bring<!-- --><br/><br/></strong> <ul><li><!-- -->Japanese level: N1/N2 or equivalent (especially speaking and writing skills).<!-- --></li><li><!-- -->English level: TOEIC 600+ or equivalent (writing and reading skills).<!-- --></li><li><!-- -->Good understanding of Japanese's working culture, Japanese's business manner.<!-- --></li><li><!-- -->Ability to collaborate and work in a cross-functional/multi-national team environment, work directly to client for analyse and collect requirements.<!-- --></li><li><!-- -->Effective use of MS office, have knowledge of Workday HCM or Business Process Outsourcing systems is a plus.<!-- --></li><li><!-- -->Self-motivated and eager to learn, good at logical thinking and analysis and high responsibility and teamwork spirit.<!-- --><br/><br/></li></ul>
<strong><!-- -->Championing diversity, equity, and inclusion<span class=""white-space-pre""> </span><br/><br/></strong><!-- -->Diversity, equity, and inclusion (DEI) are integral to our culture and identity. Diverse thinking, a commitment to allyship, and a culture of empowerment help us achieve powerful results. We want you to be you, with all the ideas, lived experience, and fresh perspective that brings. We support your uniqueness and encourage people from all backgrounds to apply and realize their full potential as part of our team.<!-- --><br/><br/><strong><!-- -->How We Look After You<!-- --><br/><br/></strong><!-- -->We want to help you take care of your today and tomorrow – at home and at work. Which is why we offer industry-leading benefits that go far beyond compensation. That means support, services, and resources that also take care of your holistic health and wellbeing. We’re always looking for new ways of working that bring out our best, which leads to unexpected ideas. Here, you’ll experience a sense of belonging, and discover autonomy, freedom, and ownership as you work alongside talented people you enjoy sharing knowledge with. We’re also champions of life balance and offer flexible arrangements that work for you (role and location dependent).<!-- --><br/><br/><strong><!-- -->About Us<!-- --><br/><br/></strong><!-- -->We’re a global team of innovators, together, we harness engineering excellence and passion for creating meaningful solutions to complex challenges. We turn organizations into industry leaders that can a make positive impact on their industries and society.<!-- --><br/><br/><em><!-- -->We’re proud to say we’re an equal opportunity employer and welcome all applicants for employment without attention to race, colour, religion, sex, sexual orientation, gender identity, national origin, veteran, age, disability status<!-- --></em><em><span class=""white-space-pre""> </span>or any other protected characteristic.<!-- --></em><span class=""white-space-pre""> </span>Should you need reasonable accommodations during the recruitment process, please let us know so that we can do our best to set you up for success.<!-- --><br/><br/>
<!-- --> </span>",https://www.linkedin.com/jobs/view/3751678315/?eBP=CwEAAAGLzIycBJoPjba-LmPXn7re0ixm88UcmTYNXDiaRsEwQLrv9KgJMH2AXVHZd-xlNsJWOHzwMPl5zizLkeHiNBh5FBCHMbtB9kl_HKRUWLdC1sI3fIFUt57DIz4EuAkwT6LmsCP4fwZ2_Q6L9-ae_oeoG6SEq1lsQD9a4ILbkmsl2IaoqvkAI88UbJTD6iCUrnku4Y-EE2MjKiSjAa5WVERMrOTCijnG5ZypqH4AdvUplCkyKtHf1mEvosXZ6MrdanaBavLclXPl3ILBwQIOHCzR2ujuYnGBsihSHwGTqHO2li_Ux6eqy3UEI7uW4mk1l0d_Ng_d2wvB_qjmVqJY9Q0z38e27mxe3zYIiW5-XUByA2g6YBCvwG_7pKFyLE5MbXsT3Vet&refId=YjPZxrnDrnXTjkYeS5NoqQ%3D%3D&trackingId=lpBfIsmXFEicdPS0EjEhHQ%3D%3D&trk=flagship3_search_srp_jobs
https://media.licdn.com/dms/image/C560BAQFLWq6zwV6npw/company-logo_100_100/0/1630661897909/lazada_logo?e=1707955200&v=beta&t=teT-id6_YZLYusLr82kI7HblQTjYOnKRPvC8tnZQ5qQ,Buyer Leader (Chinese Speaking),Lazada,https://www.linkedin.com/company/lazada/life,"Ho Chi Minh City, Ho Chi Minh City, Vietnam (On-site)",3/11/2023,On-site,Full-time,"Analytical Skills, Chinese, Communication, English, Entrepreneurship, Key Performance Indicators, Mandarin, Merchandising, Negotiation, and Project Management","<span>
<p><strong><!-- -->Job Purpose<!-- --></strong></p><p><!-- -->The Buyer Leader is responsible for supervising a team of buyers through all purchasing functions, managing day-to-day activities, developing, and supporting the team projects related to process &amp; system improvements. The lead buyer is accountable for all products managed by their team, on-time delivery, cost, data integrity, and cross-functional process handoffs.<!-- --></p><p><br/></p><p><!-- -->Leading the strategic and operational activities:<!-- --></p> <ul><li><!-- -->Ensure the portfolio of suppliers is managed by the buyer(s) in compliance with supplier agreements, product quality, and production metrics.<!-- --></li><li><!-- -->Onboarding new supplier assortments on a monthly basis<!-- --></li><li><!-- -->Build effective communication and collaborate closely cross-functionally with internal and external stakeholders.<!-- --></li><li><!-- -->Maintain the product and supplier catalog database.<!-- --></li><li><!-- -->Review the accuracy and existence of backup documentation files and maintaining a good filing system in accordance with the company policies and standard procedures.<!-- --></li><li><!-- -->Conduct regular evaluations of supplier options according to prices, quality etc. and ensure collaborative relationships including identification of opportunities for cost savings.<!-- --></li><li><!-- -->Discover and purchase new products and check the quality and popularity of those already on our shelves<!-- --></li></ul>
<p><br/></p><p><strong><!-- -->Team Management:<!-- --></strong></p> <ul><li><!-- -->Manage and develop a team of buyers through training &amp; coaching<!-- --></li><li><!-- -->Oversee the day-to-day purchasing activities (Orders, Payments, Shipping documents).<!-- --></li><li><!-- -->Serve as backup to the buyer(s) including creating, reviewing, processing, and issuing orders with suppliers.<!-- --></li><li><!-- -->Identify and lead process improvement activities.<!-- --></li></ul>
<p><br/></p><p><strong><!-- -->What you bring to the table:<!-- --></strong></p> <ul><li><!-- -->5+ years of related experience with strong management performance<!-- --></li><li><!-- -->10+ years merchandising / buying experience, ecommerce experience is a plus<!-- --></li><li><!-- -->Excellent communication skills - interpersonal, written and verbal in both English and Mandarin<!-- --></li><li><!-- -->A good understanding of the market supplier pricing and with strong negotiation skills.<!-- --></li><li><!-- -->Exhibits impactful communication with peers up to LT level<!-- --></li><li><!-- -->Maintain a strong team efficiency, build processes, monitor and adjust all buyer group KPI metrics on ‘Month to Month’ basis.<!-- --></li><li><!-- -->Vertical retail experience required with a strong analytical skill, including the ability to interpret multiple data points across numerous channels and market segments<!-- --></li><li><!-- -->Proven ability to work with and lead a cross functional team<!-- --></li><li><!-- -->Proven ability to manage multiple projects simultaneously; Self-starter approach to work, with an eagerness to consistently meet and exceed objectives and take on more responsibility<!-- --></li><li><!-- -->Entrepreneurship – an ability to make decisions and take calculated risks<!-- --></li><li><strong><!-- -->Good at Chinese &amp; English communication<!-- --></strong></li></ul>
<!-- --> </span>",https://www.linkedin.com/jobs/view/3748885885/?eBP=CwEAAAGLzIycBCWN7VSimdKdFI7R6MW1n77Q6VbDSOjPkIu1ZSrDo0kxJBjS1CfUW-RAqRZcE-i1Fl6J6_wPX73TsNCuti8VJiDaZLJAUPmuxg2vBbVy1jg-RTX9boxjMahsMsdM33te86BvJpwQY49HqWPNjesksLY6MFP_7rLk1eX7o4asaNy9zAxTwmfrlaTL95cENch6boihLX_CfmXpAD476QWepKc9c1Q6ib6p61qzsRN1rVsWrHpRW7nV7MYp8TaPrF995ToTl7Ny4tqORw8xcyxxFHNmHFR2RNNbHA9aPnJ-Cc1I2e-aEKE81ak6Leg-63gdxPdQKQPN0W9z-TREFZ4I6_dDTPdhKt1zMCwSCr-gcCKSOi3kGzdczYe8PiA-VkaI&refId=YjPZxrnDrnXTjkYeS5NoqQ%3D%3D&trackingId=02J%2FbldPZX7BTdz6P3R3nQ%3D%3D&trk=flagship3_search_srp_jobs
https://media.licdn.com/dms/image/D4E0BAQG24XoJjzTd_A/company-logo_100_100/0/1666257017989/givaudan_logo?e=1707955200&v=beta&t=AheBsQfSCZPH2RUBA2iNOqZ0humnzpnZwrKEZUMA6ag,HR Manager ( 8 month temp role),Givaudan,https://www.linkedin.com/company/givaudan/life,"Binh Duong, Vietnam (On-site)",1/11/2023,On-site,Temporary,"Analytical Skills, Communication, Compensation, Compensation & Benefits, Employee Relations, Human Resources (HR), Interpersonal Skills, Labor and Employment Law, Organizational Talent, Policies & Procedures, Project Management, and Talent Assessment","<span>
<p><!-- -->Human Resource Manager, Your future position?<!-- --></p><p><span class=""white-space-pre""> </span><!-- --><!-- --></p><p><!-- -->You will report to the HR Manager of Indochina, this role will be responsible for the operational HR function and implementation of Givaudan’s HR strategy to the specific demands in Operations Vietnam. This would be a 8 months contract role.<!-- --></p><p><br/></p><p><strong><!-- -->Core Responsibilities<!-- --></strong></p> <ul><li><!-- -->Provide employee relations advice to managers and employees on HR matters.<!-- --></li><li><!-- -->Provide interpretation and guidance on human resources policies and employment law.<!-- --></li><li><!-- -->Develop and implement human resource strategies and programmes associated with accomplishing business objectives.<!-- --></li><li><!-- -->Manage complex employee relations issues and ensures key HR business processes are implemented effectively.<!-- --></li><li><!-- -->Lead, participates in or supports the implementation of corporate and site initiatives or projects<!-- --></li><li><!-- -->Provide on-site compensation and benefit consultation and administration including annual merit and incentive cycles, performance appraisals, and benefits inquiries. Ensure fair and competitive positioning of salaries through internal equity and external market analysis<!-- --></li><li><!-- -->Responsible for Global HR processes (Annual Compensation Review, Performance management, Talent &amp; Succession planning)<!-- --></li></ul>
<p><span class=""white-space-pre""> </span><!-- --><!-- --></p><p><!-- -->You?<!-- --></p><p><!-- -->Are you someone who wants to grow and shape your own world? Who needs a new challenge and bring excellent contribution to the company? Then come and join us and impact your world.<!-- --></p><p><span class=""white-space-pre""> </span><!-- --><!-- --></p><p><strong><!-- -->Your professional profile includes:<!-- --></strong></p> <ul><li><!-- -->This will be a 8 months contract role.<!-- --></li><li><!-- -->University degree in Human Resources or related field is preferred.<!-- --></li><li><!-- -->5-7 years' experience in HR Resources, preferably with international organizations.<!-- --></li><li><!-- -->Strong commercial mind-set / business acumen and able to drive continuous improvement.<!-- --></li><li><!-- -->Experience with HR Processes, Practices and Policies, dealing with Trade Union.<span class=""white-space-pre""> </span></li><li><!-- -->Understanding of Employment Law.<!-- --></li><li><!-- -->Strong Interpersonal Skills: ability to approach, engage and motivate people from all backgrounds.<!-- --></li><li><!-- -->Analytical skills: ability to use relevant information, data and reports to recommend policy and process solutions to address risks and opportunities and align with HR strategy and plans.<!-- --></li><li><!-- -->Good verbal and written communication skills.<!-- --></li><li><!-- -->Project Management experience.<!-- --></li><li><!-- -->HR Business Partnering exposure.<!-- --></li></ul>
<p><span class=""white-space-pre""> </span><!-- --><!-- --></p><p><strong><!-- -->Required Functional &amp; Technical Skills<!-- --></strong><span class=""white-space-pre""> </span><!-- --><!-- --></p><p><span class=""tvm-operation__underline""><em><!-- -->Business Acumen<span class=""white-space-pre""> </span></em></span></p> <ul><li><!-- -->Acts with a commercial mindset and sound point of view on the organisation and what could drive continuous improvement.<span class=""white-space-pre""> </span></li></ul>
<p><span class=""tvm-operation__underline""><em><!-- -->HR Processes, Practices and Policies<span class=""white-space-pre""> </span></em></span></p> <ul><li><!-- -->Develops and applies people processes and strategies within local context in order to grow the business.<span class=""white-space-pre""> </span></li></ul>
<p><span class=""tvm-operation__underline""><em><!-- -->Employment Law<!-- --></em></span></p> <ul><li><!-- -->Supports and coaches managers to understand and comply with relevant legislation and employee relation policies and practices.<!-- --></li></ul>
<p><span class=""tvm-operation__underline""><em><!-- -->Employee Relations<!-- --></em></span></p> <ul><li><!-- -->Provides conflict or employee relations advice confidently based on sound understanding of organisation’s policy and practice, and a judgement based on context and personal opinion.<!-- --></li></ul>
<p><span class=""tvm-operation__underline""><em><!-- -->Analytical Skills<!-- --></em></span></p> <ul><li><!-- -->Uses relevant information, data and reports to recommend policy and process solutions to address risks and opportunities and align with HR strategy and plans.<!-- --></li></ul>
<p><span class=""tvm-operation__underline""><em><!-- -->Communication Skills<!-- --></em></span></p> <ul><li><!-- -->Tailors verbal and written communications to appeal to, include and engage different audiences.<!-- --></li></ul>
<p><span class=""tvm-operation__underline""><em><!-- -->Project Management<!-- --></em></span></p> <ul><li><!-- -->Applies the basics of project management tools and approaches.<!-- --></li></ul>
<p><span class=""tvm-operation__underline""><em><!-- -->HR Business Partnering<!-- --></em></span></p> <ul><li><!-- -->Supports managers with reactive talent management solutions.<!-- --></li></ul>
<!-- --> </span>",https://www.linkedin.com/jobs/view/3751747341/?eBP=CwEAAAGLzIycBGDlJh6wXpwuMDVdKbpCfEA9MqVp6lyd_rww1Wd-3ErJFvWl3qu9gzyqel-9qbiAO-M7ObFVxxGylwi-Iq9xkIIYK4MJzsZtN-frBiweDzPVjEhDW3J3GzjZ00-8olPyZf2GDpFAAQFVvlVuZNjojAuudMQ97_YaPlS2IU-ro3yyzDpJAkbKKQGQkY4klQFI6FfEPasaJyTqB9rYqi-0SpPuWvI52bb-zxYr0tnNYNrWLz5zLLdhkrGu8q0f5lC_kdX176Xba9u--tMNlPVNjmxAG8rslaWRO-ME_ztrdXFwq7c0PrDf99BnseFCgshBkmsydWOKD7GQXGd2lVzXAXK7gYrFXnoBbmnjeFS3-PFKSKSRhSQcQmHrivaM4kec&refId=YjPZxrnDrnXTjkYeS5NoqQ%3D%3D&trackingId=JOl5nygKn1Q4V6xwma5n3Q%3D%3D&trk=flagship3_search_srp_jobs
https://media.licdn.com/dms/image/C4E0BAQFKgXbMS-gk2g/company-logo_100_100/0/1631363953892/on_ag_logo?e=1707955200&v=beta&t=kISaKPHWRCOHXWnMwxcBWjLD0-Q5PG-jFGUpoLV9Wcw,Footwear Tooling Engineer,On,https://www.linkedin.com/company/on-ag/life,"Hanoi, Hanoi, Vietnam (On-site)",1/11/2023,On-site,Full-time,"Computer-Aided Design (CAD), English, Footwear, Mold, Molding (Process), PDF Creator, Problem Solving, Rhino 3D, and Tooling Design","<span>
<!-- -->In short<!-- --><br/><br/><!-- -->An opportunity to become part of the worlds’ fastest growing sports company has just become available in Hanoi or Ho Chi Minh Office. As a Tooling Engineer, you are responsible for managing the tooling engineering activities for the next-level On’s products, and contributing to material innovation, product commercialisation as well as on time deliveries of samples and productions. As an important member of Product Creation team, you will be based in Hanoi or Ho Chi Minh with frequent travel within Asia.<!-- --><br/><br/><!-- -->Your Mission<!-- --><br/><br/> <ul><li><span class=""white-space-pre""> </span>Manage tooling engineering for the next-level of On’s products, including inline-range product creation as well as innovation of future concepts<!-- --></li><li><span class=""white-space-pre""> </span>Well-integrate sole material innovation in the engineering of tooling creation<!-- --></li><li><span class=""white-space-pre""> </span>Responsible for the accuracy and aesthetic of sole and other tooling modelings, with On’s technical partners (shoe factory tooling team, mold shops,etc.)<!-- --></li><li><span class=""white-space-pre""> </span>Lead sole grading to enhance consistency of full sizes running experience with consideration of various weights<!-- --></li><li><span class=""white-space-pre""> </span>Lead sole process commercialisation, to ensure efficiency of sole production as well as technical elements is well respected in the final products<!-- --></li><li><span class=""white-space-pre""> </span>Oversee tooling development and commercialisation timeline, and ensure on time deliveries<!-- --></li><li><span class=""white-space-pre""> </span>Live and share our commitment to sustainability and quality and drive initiatives that set On apart from all other brands<!-- --><br/><br/><br/></li></ul>
<!-- -->Your story<!-- --><br/><br/> <ul><li><span class=""white-space-pre""> </span>At least 5 years' experience in molding and tooling for footwear<!-- --></li><li><span class=""white-space-pre""> </span>Extensive knowledge of the molding process, molding equipment, molding materials and mold tooling<!-- --></li><li><span class=""white-space-pre""> </span>Experience with CAD (2D/3D)<!-- --></li><li><span class=""white-space-pre""> </span>Ability to work independently under a deadline and simultaneously on several projects which require both innovative ideas and engineering problem-solving<!-- --></li><li><span class=""white-space-pre""> </span>Good communication &amp; collaboration skills are a plus<!-- --></li><li><span class=""white-space-pre""> </span>Fluent in English (written and spoken). Mandarin is a plus<!-- --><br/><br/><br/></li></ul>
<strong><!-- -->About The Team<!-- --><br/><br/></strong><!-- -->On Footwear Development team is responsible for On full footwear product development process and is defined by out-of-the-box thinking and the outstanding athlete-informed technology that differentiates On footwear from all other footwear products in the market. By joining the On Footwear Development Team, you will have the opportunity to be part of an agile and interdisciplinary team of experts in the areas of footwear engineering and product management.<!-- --><br/><br/><!-- -->Most lived Spirit in our team<!-- --><br/><br/><!-- -->On is a place that is centered around growth and progress. We offer an environment designed to give people the tools to develop holistically – to stay active, to learn, explore and innovate. Our distinctive approach combines a supportive, team-oriented atmosphere, with access to personal self-care for both physical and mental well-being, so each person is led by purpose. On is an Equal Opportunity Employer. We are committed to creating a work environment that is fair and inclusive, where all decisions related to recruitment, advancement, and retention are free of discrimination.<!-- -->
<!-- --> </span>",https://www.linkedin.com/jobs/view/3747587826/?eBP=CwEAAAGLzIycBD0jnUpheszlr53cT-LZ7AGW5RE0kk3Yz66CNPvV-ARXxdmx7tj1Kuv_iv1j3oLx1WgNpo7kxOdPRVR5WFcJz71G68A5Oox-4dU27aRTLOmCjvW3xOy_aNMedH-v3SjAgCSOyMopeOuluH6NsYpUK797OkUbaDhJq1D4MTaQaOE2T0d6LwS6sx7dCBQ9deetao2CanlLvmfmnt7aj5_XcAt-SB7PWOm4hclXM6wLG5nMA-X6RW7GydK5IiE8dY0oj30JgVsJXg6yoCmiyIgcrPL_Hj9gY61vjMA1zXEP4YXo18k3y3hf9SMPjmOyhtYPEo6Q9yNBsQ9zjAw69sGx8GcgF1YzRUer7bheTEL9E3MoRT3dwONR0lJ3iiCCf9UJ&refId=YjPZxrnDrnXTjkYeS5NoqQ%3D%3D&trackingId=xl2m4%2FyeQTPVAakJne4hmQ%3D%3D&trk=flagship3_search_srp_jobs
https://media.licdn.com/dms/image/D4E0BAQEXY5RnsEADnQ/company-logo_100_100/0/1688531529552/royal_haskoningdhv_logo?e=1707955200&v=beta&t=dDsmrzLlfeegL-i0WVDeCvMmKhjrK8eIIAFijnXNavU,Biology/Agriculture Intern,Royal HaskoningDHV,https://www.linkedin.com/company/royal-haskoningdhv/life,"Ho Chi Minh City, Vietnam (On-site)",2/11/2023,On-site,Full-time,"Biology, Data Collection, Ecology, English, Field Research, Knowledge Acquisition, Observation, Research Skills, Skill Development, and Vietnamese","<span>
<p><!-- -->Are you passionate about food, greenhouses and optimizing growth processes? Do you want to work with top-notch technology to provide clean and healthy food in a developing country? Do you want to work in an international company?<!-- --></p><p><br/></p><p><!-- -->If so, we have an exciting internship opportunity for you. Join Royal HaskoningDHV Vietnam to contribute to the development of sustainable food production. You will have the opportunity to develop your research skills, gain expertise while contributing to a meaningful project. Take this chance and let’s enhance society together!<!-- --></p><p><br/></p><p><strong><!-- -->What will you do?<!-- --></strong></p><p><br/></p><p><!-- -->During a period of 4 months, you will prepare your research plan, collect data on a newly developed and constructed greenhouse in Long An (Vietnam) and write your research (probably Ho Chi Minh City). You will collaborate with our client’s team to gather data. You are expected to handle the investigation on your own, guided by the technical and horticultural expertise of our client’s team.<!-- --></p><p><br/></p><p><!-- -->Your duties also include:<!-- --></p><p><br/></p> <ul><li><!-- -->Harvest and record yield of individual plants;<!-- --></li><li><!-- -->Take camera images to assess growth of plants;<!-- --></li><li><!-- -->Use thermal camera images to assess plant stress;<!-- --></li><li><!-- -->Collect soil, air quality and other environmental data;<!-- --></li><li><!-- -->Analyse all data;<!-- --></li><li><!-- -->Record observation regarding plant growth or health;<!-- --></li><li><!-- -->Other tasks as reasonably assigned by your direct supervisors.<!-- --></li></ul>
<p><br/></p><p><strong><!-- -->What you bring<!-- --></strong></p><p><br/></p> <ul><li><!-- -->Final year student in the field of ecology / biology / biotechnology or other related fields;<!-- --></li><li><!-- -->Be able to intern full time for at least 4 months;<!-- --></li><li><!-- -->Willingness to travel between sites and offices;<!-- --></li><li><!-- -->Experience with data gathering and field research, preferably in Greenhouses;<!-- --></li><li><!-- -->Experience with database management;<!-- --></li><li><!-- -->Passion for plants and agriculture, and ability to handle inclement weather including buggy conditions and hot and wet weather;<!-- --></li><li><!-- -->Fluent in both English and Vietnamese;<!-- --></li><li><!-- -->Curiosity to learn about international companies operating in Vietnam.<!-- --></li></ul>
<p><br/></p><p><strong><!-- -->Where you will work<!-- --></strong></p><p><br/></p><p><!-- -->Active in Vietnam since 1985 and established in 1993, HaskoningDHV Vietnam is a 100% foreign invested company of Royal HaskoningDHV and recognized as one of the most prominent leading engineering and consultancy firms with a unique track record of key projects in Vietnam and SE Asia. With offices in Ho Chi Minh City and Hanoi and nearly 200 employees, HaskoningDHV Vietnam has carried out numerous projects for the private and public sector, comprising the full scope of engineering and consultancy services for Industrial projects, Maritime &amp; Waterways, Water Management and Real Estate projects.<!-- --></p><p><br/></p><p><strong><!-- -->What do we offer?<!-- --></strong></p><p><br/></p><p><!-- -->We are a professional organization with appealing (inter)national projects and products. You will be working with experts who are leaders across different business lines. We also offer you:<!-- --></p><p><br/></p> <ul><li><!-- -->Attractive allowance package;<!-- --></li><li><!-- -->Expenses paid for housing in Long An, travel to site from HCMC by public transportation;<!-- --></li><li><!-- -->Opportunities to join the transition to deliver clean food to a growing population;<!-- --></li><li><!-- -->Opportunities to discover the top-knowledge technology in the food producing industry;<!-- --></li><li><!-- -->Understanding horticulture: Learn about nutrient and environmental requirements, transplanting, diagnosing, and treating pests and diseases organically, and propagation;<!-- --></li><li><!-- -->Experience day-to-day operations in a fast-growing greenhouse start-up;<!-- --></li><li><!-- -->A unique experience to work with an international company.<!-- --></li></ul>
<p><br/></p><p><strong><!-- -->This internship is open to VN students who is currently based in Vietnam.<!-- --></strong></p><p><br/></p><p><strong><!-- -->Are you our new intern?<!-- --></strong></p><p><br/></p><p><!-- -->Are you interested? Then we would like to meet you! Apply now by sending in your English CV using the button below.<!-- --></p>
<!-- --> </span>",https://www.linkedin.com/jobs/view/3752436567/?eBP=JOB_SEARCH_ORGANIC&refId=YjPZxrnDrnXTjkYeS5NoqQ%3D%3D&trackingId=7h5V%2BfwgrnXpCHVOtmJ8rw%3D%3D&trk=flagship3_search_srp_jobs
https://media.licdn.com/dms/image/C560BAQE0iX_dgdH7nA/company-logo_100_100/0/1672279162763/shopee_logo?e=1707955200&v=beta&t=BZowYXYvVRW3aLe-zzVc56yJPHWQfvGGAKwqMnh8x-A,"Fraud Analytics Analyst - Fraud, Shopee",Shopee,https://www.linkedin.com/company/shopee/life,"Ho Chi Minh City, Vietnam (On-site)",2/11/2023,On-site,Full-time,"Attitude Change, Communication, Defining Requirements, Fraud Investigations, and Standard Operating Procedure (SOP)","<span>
<strong><!-- -->Job Description<!-- --><br/><br/></strong> <ul><li><!-- -->PIC for working with relevant stakeholders including both Reg and Local to monitor, maintain and develop system defense and corresponding rule/strategy/logic<!-- --></li><li><!-- -->Assess and review the risk/fraud rate of Shopee campaign initiatives/programs<!-- --></li><li><!-- -->Detect analyze fraud behaviors and develop metric to improve system defense and develop SOP/process to improve manual fraud investigation<!-- --><br/><br/></li></ul>
<strong><!-- -->Requirements<!-- --><br/><br/></strong> <ul><li><!-- -->Problem-solving and critical thinking<!-- --></li><li><!-- -->Strong analytical thinking and ability to learn and take action quickly with a can-do attitude<!-- --></li><li><!-- -->Written and verbal communication skills in English<!-- --></li><li><!-- -->Stakeholder management<!-- --></li></ul>
<!-- --> </span>",https://www.linkedin.com/jobs/view/3764717399/?eBP=JOB_SEARCH_ORGANIC&refId=YjPZxrnDrnXTjkYeS5NoqQ%3D%3D&trackingId=xvMa5qKavS8KOV0Yxwryqg%3D%3D&trk=flagship3_search_srp_jobs
https://media.licdn.com/dms/image/C560BAQFw4DgjzqCnVw/company-logo_100_100/0/1630669098242/honda_logo?e=1707955200&v=beta&t=plgO9oIPTg9-Ox3hAFXwBnndaObzBI-SskGbc_agGKU,【ソニー・ホンダモビリティ（株）】In-car／Out-car(車内外)サイバーセキュリティ,Honda,https://www.linkedin.com/company/honda/life,"District 9, Ho Chi Minh City, Vietnam",2/10/2023,Full-time,,,"<span>
<!-- -->職務内容<!-- --><br/><br/><!-- -->========================<!-- --><br/><br/><!-- -->リモート面接を実施中です<!-- --><br/><br/><!-- -->========================<!-- --><br/><br/><!-- -->【採用の背景】<!-- --><br/><br/><!-- -->ソニー・ホンダモビリティは、2022年9月に設立されたHondaとソニーのジョイント・ベンチャーです。私たちは、オープンな職場環境や文化を築き、あらゆる知見や、最先端の技術と豊かな感性を掛け合わせて、新たな移動の感動を創造していきたいと考えています。<!-- --><br/><br/><!-- -->そのため、「多様な知で革新を追求し、人を動かす」という私たちのPurposeや取り組みに共感し、創業期を共にする世界中の才能と意欲のある仲間を探しています。<!-- --><br/><br/><!-- -->※本組織のメンバーは、本田技研工業株式会社雇用で、ソニー・ホンダモビリティ株式会社出向となります。<!-- --><br/><br/><!-- -->※ソニー・ホンダモビリティ（株）についての情報は 【こちら】<!-- --><br/><br/><!-- -->【組織の役割】<!-- --><br/><br/><!-- -->サイバーセキュリティ施策の立案、実行推進<!-- --><br/><br/><!-- -->【職務内容】<!-- --><br/><br/><!-- -->ソニー・ホンダモビリティが提供するプロダクト、サービスに対するセキュリティ支援およびセキュリティ基盤の構築<!-- --><br/><br/><!-- -->ソニー・ホンダモビリティが提供する製品、サービスにおいて、企画・設計／開発・運用におけるセキュリティ支援、UN-R155,156等セキュリティ関連要件への遵守性確認<!-- --><br/><br/><!-- -->【想定ポジション】<!-- --><br/><br/><!-- -->リーダークラスまたは担当<!-- --><br/><br/><!-- -->【魅力・やりがい】<!-- --><br/><br/><!-- -->今までにないモビリティやサービスをサイバーセキュリティという観点で関与し、ステークホルダーに対して安心できるモビリティやサービスを提供することに寄与することができる。<!-- --><br/><br/><!-- -->【職場の雰囲気】<!-- --><br/><br/><!-- -->活気があるメンバーが多く、人数も少ないため、自由闊達にコミュニケーションが取れます。様々なバックグラウンドを持つ方が集まっており、専門性や個性を出し合って、新しい事業を形にしていこうとする風土があります。<!-- --><br/><br/><!-- -->【描けるキャリアパス】<!-- --><br/><br/><!-- -->ソフトウェア中心のモビリティプロダクト・サービスに対するサイバーセキュリティ専門性の向上 応募資格 【以下いずれかの知識・経験をお持ちの方】<!-- --><br/><br/> <ul><li><!-- -->自動車セキュリティの経験（3年以上）。ISO/SAE21434,UNR155/156の知識を有している<!-- --><br/><br/></li></ul>
<!-- -->【上記に加え、あれば望ましい経験・スキル】<!-- --><br/><br/> <ul><li><!-- -->自動車関連システムの開発経験（3年以上）、CISSP<!-- --></li><li><!-- -->ビジネス英語(TOEIC600点以上)<!-- --><br/><br/></li></ul>
<!-- -->【求める人物像】以下の想い・適性をお持ちの方<!-- --><br/><br/> <ul><li><!-- -->主体性があり、積極的に行動できる方、客観的な視点で分析ができる方。失敗を恐れず、チャレンジを続けていくことができる方。モビリティに熱い思いを持つ方。 待遇 Hondaの福利厚生制度は「自助努力と相互扶助」を原則とし、<!-- --><br/><br/></li></ul>
<!-- -->安心して生活でき、仕事に集中できる環境をつくることを目的にしており、<!-- --><br/><br/><!-- -->社員一人ひとりの多様なライフスタイルを支えています。<!-- --><br/><br/><!-- -->■想定年収<!-- --><br/><br/><!-- -->450万〜1000万円<!-- --><br/><br/><!-- -->※給与は経験・能力を考慮の上決定します。<!-- --><br/><br/><!-- -->■福利厚生（受動喫煙防止措置含む）について詳しくは こちら をご覧ください。<!-- -->
<!-- --> </span>",https://www.linkedin.com/jobs/view/3731355043/?eBP=CwEAAAGLzIycBFSqBKVtTI_XX08wtDQtBn0ZN-XH85IIahjd81dmPGk77L1vGEGuLK_fIIgit5hpY0vS6Jp-OjWX2FH8NBL9vPF9QXVubdW_P0gD19RncHO5BGUTdjVNIdn8FZRPZDgtP5yY86PyfOHOkaCJqOpDx107VJK01e_4EGis7IX9Kh6QL3G5wJZ5SGuMmZiPp7LNCvvAYRX1kXDFINq7C-av5tegrj_AeQaV3-e4_wIYwXqD26bBp8nIb3AXCOFOA73WwfDPK2o9g8fQOVWV1uSPEp3L9vUdKqrx26qsexI49Mp77YowE3MV0L5C6ho4daRojt6W79-YI20funs2AoMES5E2O1932CAyU30lhuPLknfgFAa5SNF7ndlb1NGPOQ&refId=YjPZxrnDrnXTjkYeS5NoqQ%3D%3D&trackingId=yr0m9%2BDp2iIS044lhzeMQw%3D%3D&trk=flagship3_search_srp_jobs
https://media.licdn.com/dms/image/C560BAQE0iX_dgdH7nA/company-logo_100_100/0/1672279162763/shopee_logo?e=1707955200&v=beta&t=BZowYXYvVRW3aLe-zzVc56yJPHWQfvGGAKwqMnh8x-A,"Linehaul Coordinator - Operations, SPX Express",Shopee,https://www.linkedin.com/company/shopee/life,"Hanoi, Hanoi, Vietnam (On-site)",4/08/2023,On-site,Full-time,Defining Requirements and User Requirements,"<span>
<strong><!-- -->Job Description<!-- --></strong><p><br/></p> <ul><li><span class=""white-space-pre""> </span>Địa điểm làm việc: Hà Nội, Bắc Ninh, Hồ Chí Minh<!-- --></li><li><span class=""white-space-pre""> </span>Trực tiếp điều phối, lên kế hoạch cho đội xe.<!-- --></li><li><span class=""white-space-pre""> </span>Theo dõi tình trạng xe (sửa chữa, theo dõi lịch bảo trì bảo dưỡng, làm việc với bảo hiểm)<!-- --></li><li><span class=""white-space-pre""> </span>Xử lý các tình huống phát sinh trong quá trình vận chuyển.<!-- --></li><li><span class=""white-space-pre""> </span>Đảm bảo vận hành xuyên suốt cho đội xe.<!-- --></li><li><span class=""white-space-pre""> </span>Một số việc khác theo sự phân công của quản lý<!-- --></li><li><span class=""white-space-pre""> </span>Check Mail, đối soát thừa thiếu phản hồi CS, xử lý Data.<!-- --></li></ul>
<p><br/></p><strong><!-- -->Requirements<!-- --></strong><p><br/></p> <ul><li><span class=""white-space-pre""> </span>Tốt nghiệp Cao đẳng/Đạihọc.<!-- --></li><li><span class=""white-space-pre""> </span>Có hiểu biết về E-logistics.<!-- --></li><li><span class=""white-space-pre""> </span>Có kinh nghiệm làm việc về bảo hiểm xe và hiểu biết chung về vật lý xe tải.<!-- --></li><li><span class=""white-space-pre""> </span>Có kinh nghiệm liên quan công việc Điều phối (ít nhất 06 tháng)<!-- --></li></ul>
<!-- --> </span>",https://www.linkedin.com/jobs/view/3706602978/?eBP=CwEAAAGLzIycBLcpiIdaBsnQIlFNx6E3QfTM1rF5Y6kBUf8p9Rc05nWBy3qwh0iGHxDMYbUxT5cdvT7f3zjmaXWZgnFPoIW6nW4o9nOWpKDJbwt4CEdMLHtOaVagL6UXupxSYL-V1C6j9NMx_xd-qauTgsUFYQE6yb_54SoEkfnBsICtFjzaoSQDI26_ZP2UhUNBbVrSEJrYjaTJQGUCRkJFcMW8JjHHR-L8iAorRbpXK6s2icFnWGtFaIHoGGw8cwfiz7qSMa05G4zeI_IjIUSHJH9VpREu8-Tz6cHA4Em3TO-0JJ952D7Xjas6S01noaRovZwsBocrrs5AD3bOSu7dqEcW07Jgfzt36cbMrQaKY2wWOgDlX4HdAy3hWSJfGnUnI1yzQYQY&refId=YjPZxrnDrnXTjkYeS5NoqQ%3D%3D&trackingId=%2FbKc5yDfVuYMbV44SP65yQ%3D%3D&trk=flagship3_search_srp_jobs
https://media.licdn.com/dms/image/D560BAQFyx-boJ6-Pkg/company-logo_100_100/0/1692104431985?e=1707955200&v=beta&t=IKih802F8bDhZeJiSzTju-ELEACob8sn058Vdmrs1sA,Senior iOS Engineer - Consumer Tech,TIKI,https://www.linkedin.com/company/tiki-vn/life,"Ho Chi Minh City, Vietnam (Hybrid)",30/10/2023,Hybrid,Full-time,"Agile Methodologies, Design Patterns, Functional Programming, Mobile Product Development, Object-Oriented Programming (OOP), Objective-C, Swift (Programming Language), Unit Testing, iOS, and iOS Development","<span>
<p><!-- -->We are looking for talents with a keen eye for design for the position of iOS Engineer. The iOS Engineer position is responsible for creating and architecting our iOS applications, maintaining and improving existing features on existing applications, and working with the whole Consumer team to develop innovative solutions that meet our customer’s increasing needs.<span class=""white-space-pre""> </span></p><p><br/></p><p><!-- -->If you’re interested in creating a user-friendly environment by writing code and moving forward in your career, then this job is for you. We expect you to be a tech-savvy professional, who is curious about new digital technologies and aspires to combine usability with visual design. Ultimately, you should be able to create a functional and attractive digital environment for our company, ensuring the greatest experience for our customers.<span class=""white-space-pre""> </span></p><p><br/></p><p><strong><!-- -->In more detail, you will:<span class=""white-space-pre""> </span></strong></p> <ul><li><!-- -->Work with your colleagues (and technical leads) to understand the architecture, specifications and features that we are building<!-- --></li><li><!-- -->Be expected to provide sound solutions to the feature requirements<!-- --></li><li><!-- -->Be expected to maintain our code quality standards<!-- --></li><li><!-- -->Be expected to take ownership of your work and be the main person in charge in developing and maintaining your work. Of course, you will always have the whole team‘s support as we are working as a team, but we are specifically looking for someone who has a high ownership and takes pride in what they do<!-- --></li><li><!-- -->Be expected to be a team player. Our team is composed of individuals of the same blood, if you are hard-core and open-minded, you will find yourself home with us<!-- --></li></ul>
<p><br/></p><p><strong><!-- -->What Would You Do<!-- --></strong></p> <ul><li><!-- -->Maintain and add more user-facing features. You will also need to optimize your codes and applications for maximum speed and scalability<!-- --></li><li><!-- -->Working closely with backend developers to understand data flow and logic, then using that understanding to come up with your front-end solution. We are exclusively using Restful API across all of our services. Knowledge on Restful API is NOT a requirement but it is preferred<!-- --></li><li><!-- -->Follow Agile and DevOps practices like CI/CD to deliver quality code at speed to market<!-- --></li><li><!-- -->Use experimentation and data analysis to tune your applications to be high-performing, intuitive, and functional<!-- --></li><li><!-- -->Research new technologies and best practices, apply and train other team members<!-- --></li><li><!-- -->Innovate, experiment, continuously improve, and learn as you go in an effort to provide simple yet effective solutions to complex problems<!-- --></li></ul>
<p><br/></p><p><strong><!-- -->What Should You Have<!-- --></strong></p> <ul><li><!-- -->3+ years of full-time engineering experience and working with iOS development<!-- --></li><li><!-- -->Proficiency in Objective-C, Swift<!-- --></li><li><!-- -->Experience with multi-threading &amp; queue process management<!-- --></li><li><!-- -->Experience in app performance optimization and modular architecture is a plus<!-- --></li><li><!-- -->Strong base in OOP, Functional Programming, and Design Patterns<!-- --></li><li><!-- -->Has a solid understanding of the full mobile development life cycle<!-- --></li><li><!-- -->Experience and passion for building complex, performance, responsive, accessible, and beautiful mobile native experiences that are well-tested, documented, and monitored<!-- --></li><li><!-- -->Great interpersonal and communication skills. Experience in working with Agile methodology (Scrum or Kanban)<span class=""white-space-pre""> </span></li><li><!-- -->Performs effectively &amp; independently in software implementation activities (designing, coding, verification, unit testing, and debugging…)<span class=""white-space-pre""> </span></li><li><!-- -->Be able to read and write technical documents in English. Communicating verbally in English is a plus<!-- --></li></ul>
<!-- --> </span>",https://www.linkedin.com/jobs/view/3745624367/?eBP=CwEAAAGLzIycBGF-miAMut7NOOvV2dnCKg_gDP2XCHwdARWocPG-1qOFfaJs35uJ2NcOBkxOV0aLQS9yXrHDvuV_X4g5l4kek79C_Mxnl-1SCmpz1iK4_IeEkAWRt57TRttT5QIZforh3M17HbsYOd4YygyghZGUxTqE-BxGm-0hCgveZwus2ChOZmqEZtjbipaPYW0kZQtzlzw5_vVU87C7iN1p1JtHEPf3JFJNY7SwocGzfN-KMu_yS4cn4cvMrfkbcrR374h-C8sUPTooHLvMIO6bee_W4qM7m1WTr56OQ8Q1F_fr3vuu1uGhFJm5MjKM_d0ocBuuxIrCcI4ABta3pcDSpPQPLKT8kMo-aBTvEa-YD3T3TcR_3CjrnZJRXOP-8iaf6aoW&refId=YjPZxrnDrnXTjkYeS5NoqQ%3D%3D&trackingId=QU4%2Fjf6GYCofBkJO5BgzYA%3D%3D&trk=flagship3_search_srp_jobs
